ID,firstname,lastname,email,profession,country
1,Yetty,Madelene,Yetty.Madelene@gmail.com,developer,Mexico
2,Charlena,Dex,Charlena.Dex@gmail.com,firefighter,Canada
3,Leanna,Secrest,Leanna.Secrest@gmail.com,firefighter,US
4,Linzy,Arne,Linzy.Arne@gmail.com,firefighter,Canada
5,Anthia,Adamsen,Anthia.Adamsen@gmail.com,developer,US
6,Bobbi,Bearnard,Bobbi.Bearnard@gmail.com,lawyer,Mexico
7,Jaclyn,Meter,Jaclyn.Meter@gmail.com,firefighter,Canada
8,Andree,Moina,Andree.Moina@gmail.com,developer,Mexico
9,Penelopa,Travax,Penelopa.Travax@gmail.com,firefighter,US
10,Elka,Dalli,Elka.Dalli@gmail.com,doctor,Canada
11,Queenie,Thad,Queenie.Thad@gmail.com,developer,Mexico
12,Roxane,Henebry,Roxane.Henebry@gmail.com,firefighter,US
13,Riannon,Chobot,Riannon.Chobot@gmail.com,lawyer,Canada
14,Dotty,Jobi,Dotty.Jobi@gmail.com,doctor,US
15,Hope,Payson,Hope.Payson@gmail.com,developer,US
16,Theodora,McLaughlin,Theodora.McLaughlin@gmail.com,lawyer,US
17,Carlie,Yuille,Carlie.Yuille@gmail.com,firefighter,US
18,Myriam,Tannie,Myriam.Tannie@gmail.com,doctor,Canada
19,Ottilie,Ventre,Ottilie.Ventre@gmail.com,lawyer,Canada
20,Orsola,Darian,Orsola.Darian@gmail.com,doctor,Mexico